CRASH DATE,CRASH TIME,BOROUGH,ZIP CODE,LATITUDE,LONGITUDE,LOCATION,ON STREET NAME,CROSS STREET NAME,OFF STREET NAME,NUMBER OF PERSONS INJURED,NUMBER OF PERSONS KILLED,NUMBER OF PEDESTRIANS INJURED,NUMBER OF PEDESTRIANS KILLED,NUMBER OF CYCLIST INJURED,NUMBER OF CYCLIST KILLED,NUMBER OF MOTORIST INJURED,NUMBER OF MOTORIST KILLED,CONTRIBUTING FACTOR VEHICLE 1,CONTRIBUTING FACTOR VEHICLE 2,CONTRIBUTING FACTOR VEHICLE 3,CONTRIBUTING FACTOR VEHICLE 4,CONTRIBUTING FACTOR VEHICLE 5,COLLISION_ID,VEHICLE TYPE CODE 1,VEHICLE TYPE CODE 2,VEHICLE TYPE CODE 3,VEHICLE TYPE CODE 4,VEHICLE TYPE CODE 5
12/24/2022,14:11,QUEENS,11377,40.743237,-73.90096,"(40.743237, -73.90096)",,,42-02     64 STREET,1,0,1,0,0,0,0,0,Unspecified,,,,,4592511,Sedan,,,,
12/24/2022,4:10,,,,,,BROOKLYN QUEENS EXPRESSWAY RAMP,,,0,0,0,0,0,0,0,0,Pavement Defective,Unspecified,,,,4592478,Sedan,Pick-up Truck,,,
12/24/2022,23:00,,,,,,VANDAM STREET,BORDEN AVENUE,,0,0,0,0,0,0,0,0,Driver Inattention/Distraction,Unspecified,,,,4592679,Station Wagon/Sport Utility Vehicle,,,,
12/24/2022,18:00,,,40.75829,-73.83431,"(40.75829, -73.83431)",COLLEGE POINT BOULEVARD,,,0,0,0,0,0,0,0,0,Backing Unsafely,Failure to Yield Right-of-Way,,,,4592507,Station Wagon/Sport Utility Vehicle,Sedan,,,
12/24/2022,13:55,,,40.741623,-73.993744,"(40.741623, -73.993744)",WEST 21 STREET,,,1,0,0,0,0,0,1,0,Unspecified,Unspecified,,,,4592602,Sedan,,,,
12/24/2022,14:00,BRONX,10454,40.804344,-73.92158,"(40.804344, -73.92158)",BRUCKNER BOULEVARD,BROOK AVENUE,,1,0,0,0,0,0,1,0,Traffic Control Disregarded,Traffic Control Disregarded,,,,4592708,Sedan,Sedan,,,
12/24/2022,19:01,BROOKLYN,11204,40.620914,-73.9753,"(40.620914, -73.9753)",BAY PARKWAY,MC DONALD AVENUE,,0,0,0,0,0,0,0,0,Unspecified,Unspecified,,,,4592813,Sedan,Sedan,,,
12/24/2022,1:30,,,,,,QUEENSBORO BRIDGE LOWER ROADWAY,,,1,0,0,0,0,0,1,0,Driver Inattention/Distraction,Unspecified,,,,4592438,Taxi,Taxi,,,
12/24/2022,16:53,,,,,,WILLIAMSBURG BRIDGE INNER ROADWA,,,0,0,0,0,0,0,0,0,Driver Inattention/Distraction,,,,,4592779,Station Wagon/Sport Utility Vehicle,,,,
12/24/2022,19:43,BRONX,10466,40.895805,-73.84289,"(40.895805, -73.84289)",WILDER AVENUE,BUSSING PLACE,,1,0,0,0,0,0,1,0,Traffic Control Disregarded,Unspecified,,,,4592902,Station Wagon/Sport Utility Vehicle,Station Wagon/Sport Utility Vehicle,,,
12/24/2022,4:00,BROOKLYN,11234,40.634483,-73.91886,"(40.634483, -73.91886)",RALPH AVENUE,GLENWOOD ROAD,,1,0,0,0,0,0,1,0,Traffic Control Disregarded,Unspecified,,,,4592471,Station Wagon/Sport Utility Vehicle,Sedan,,,
12/24/2022,3:00,BROOKLYN,11230,40.630566,-73.97715,"(40.630566, -73.97715)",,,956       MC DONALD AVENUE,0,0,0,0,0,0,0,0,Passing or Lane Usage Improper,Unspecified,,,,4592835,Sanitation,,,,
12/24/2022,5:30,BRONX,10470,40.904552,-73.847824,"(40.904552, -73.847824)",PENFIELD STREET,BARNES AVENUE,,0,0,0,0,0,0,0,0,Passing Too Closely,Unspecified,,,,4592999,Station Wagon/Sport Utility Vehicle,Station Wagon/Sport Utility Vehicle,,,
12/24/2022,21:20,,,,,,STILLWELL AVENUE,PELHAM PARKWAY,,1,0,0,0,0,0,1,0,Unspecified,Unspecified,,,,4593107,Sedan,Sedan,,,
12/24/2022,14:46,,,,,,BROOKLYN BRIDGE,,,2,0,0,0,0,0,2,0,Pavement Slippery,Pavement Slippery,Pavement Slippery,,,4593005,Sedan,Pick-up Truck,Sedan,,
12/24/2022,4:42,QUEENS,11434,40.660347,-73.767975,"(40.660347, -73.767975)",BREWER BOULEVARD,147 AVENUE,,1,0,0,0,0,0,1,0,Unspecified,Unspecified,,,,4592482,Sedan,Sedan,,,
12/24/2022,13:00,,,40.685844,-73.94732,"(40.685844, -73.94732)",MONROE STREET,,,0,0,0,0,0,0,0,0,Driver Inattention/Distraction,Unspecified,,,,4592616,Station Wagon/Sport Utility Vehicle,,,,
12/24/2022,16:55,BROOKLYN,11219,40.626553,-74.002495,"(40.626553, -74.002495)",,,1258      65 STREET,0,0,0,0,0,0,0,0,Unsafe Lane Changing,Unspecified,,,,4592560,Station Wagon/Sport Utility Vehicle,Station Wagon/Sport Utility Vehicle,,,
12/24/2022,5:20,QUEENS,11378,40.72878,-73.926155,"(40.72878, -73.926155)",56 ROAD,43 STREET,,2,0,0,0,0,0,2,0,Driver Inattention/Distraction,Unspecified,,,,4592512,Bus,Sedan,,,
12/24/2022,0:20,,,,,,QUEENSBORO BRIDGE UPPER ROADWAY,,,0,0,0,0,0,0,0,0,Unspecified,,,,,4593071,Station Wagon/Sport Utility Vehicle,,,,
12/24/2022,19:57,,,,,,BROOKLYN QUEENS EXPRESSWAY,,,0,0,0,0,0,0,0,0,Driver Inattention/Distraction,Unspecified,,,,4592540,Station Wagon/Sport Utility Vehicle,Station Wagon/Sport Utility Vehicle,,,
12/24/2022,5:30,,,,,,LONG ISLAND EXPRESSWAY,11 STREET,,0,0,0,0,0,0,0,0,Alcohol Involvement,,,,,4592513,Station Wagon/Sport Utility Vehicle,,,,
12/24/2022,0:54,,,40.634266,-74.14409,"(40.634266, -74.14409)",INNIS STREET,JOHN STREET,,0,0,0,0,0,0,0,0,Driver Inattention/Distraction,Unspecified,,,,4592495,Sedan,Sedan,,,
12/24/2022,2:53,MANHATTAN,10002,40.720707,-73.981316,"(40.720707, -73.981316)",EAST HOUSTON STREET,AVENUE C,,1,0,0,0,0,0,1,0,Driver Inattention/Distraction,Driver Inattention/Distraction,,,,4592922,Sedan,Station Wagon/Sport Utility Vehicle,,,
12/24/2022,0:00,,,40.638245,-73.99595,"(40.638245, -73.99595)",48 STREET,,,0,0,0,0,0,0,0,0,Driver Inattention/Distraction,Unspecified,,,,4592824,Station Wagon/Sport Utility Vehicle,Sedan,,,
12/24/2022,13:35,BROOKLYN,11209,40.62149,-74.02622,"(40.62149, -74.02622)",86 STREET,5 AVENUE,,0,0,0,0,0,0,0,0,Pedestrian/Bicyclist/Other Pedestrian Error/Confusion,Unspecified,,,,4592506,Sedan,Bike,,,
12/24/2022,15:55,QUEENS,11411,40.690914,-73.72819,"(40.690914, -73.72819)",LINDEN BOULEVARD,234 STREET,,0,0,0,0,0,0,0,0,Other Vehicular,Unspecified,,,,4592567,Station Wagon/Sport Utility Vehicle,Station Wagon/Sport Utility Vehicle,,,
12/24/2022,20:00,,,,,,VANWYCK EXPRESSWAY,LINDEN BOULEVARD,,1,0,0,0,0,0,1,0,Following Too Closely,Unspecified,,,,4592800,Station Wagon/Sport Utility Vehicle,Station Wagon/Sport Utility Vehicle,,,
12/24/2022,11:14,BROOKLYN,11214,40.60997,-74.00343,"(40.60997, -74.00343)",84 STREET,17 AVENUE,,1,0,0,0,0,0,1,0,Unspecified,Unspecified,,,,4592618,Station Wagon/Sport Utility Vehicle,Station Wagon/Sport Utility Vehicle,,,
12/24/2022,0:45,QUEENS,11378,40.72296,-73.90385,"(40.72296, -73.90385)",,,61-17     MASPETH AVENUE,0,0,0,0,0,0,0,0,Unsafe Speed,Unspecified,,,,4592745,Sedan,Station Wagon/Sport Utility Vehicle,,,
12/24/2022,19:40,QUEENS,11366,40.72115,-73.80943,"(40.72115, -73.80943)",,,78-38     PARSONS BOULEVARD,1,0,1,0,0,0,0,0,Driver Inattention/Distraction,,,,,4592526,Sedan,,,,
12/24/2022,11:50,BROOKLYN,11212,40.66576,-73.908905,"(40.66576, -73.908905)",,,275       BLAKE AVENUE,0,0,0,0,0,0,0,0,Unspecified,,,,,4592892,Sedan,,,,
12/24/2022,14:15,BRONX,10458,40.863518,-73.891884,"(40.863518, -73.891884)",,,2581      MARION AVENUE,0,0,0,0,0,0,0,0,Unspecified,,,,,4592819,Sedan,,,,
12/24/2022,15:25,BROOKLYN,11216,40.67357,-73.95294,"(40.67357, -73.95294)",ROGERS AVENUE,PARK PLACE,,0,0,0,0,0,0,0,0,Driver Inattention/Distraction,Unspecified,,,,4592986,Station Wagon/Sport Utility Vehicle,Station Wagon/Sport Utility Vehicle,,,
12/24/2022,0:40,QUEENS,11385,40.692314,-73.88268,"(40.692314, -73.88268)",CYPRESS HILLS STREET,CYPRESS AVENUE,,2,0,0,0,0,0,2,0,Driver Inattention/Distraction,,,,,4592771,Sedan,,,,
12/24/2022,14:19,MANHATTAN,10027,40.817547,-73.95694,"(40.817547, -73.95694)",WEST 131 STREET,BROADWAY,,0,0,0,0,0,0,0,0,Driver Inattention/Distraction,Unspecified,,,,4592637,Sedan,Sedan,,,
12/24/2022,15:36,,,40.783844,-73.979996,"(40.783844, -73.979996)",WEST 79 STREET,,,0,0,0,0,0,0,0,0,Other Vehicular,Driver Inattention/Distraction,,,,4592784,Station Wagon/Sport Utility Vehicle,USPS box t,,,
12/24/2022,2:10,BRONX,10472,40.832546,-73.86408,"(40.832546, -73.86408)",,,1850      WESTCHESTER AVENUE,0,0,0,0,0,0,0,0,Unspecified,,,,,4592830,Convertible,,,,
12/24/2022,3:00,,,40.874756,-73.87387,"(40.874756, -73.87387)",PARKSIDE PLACE,,,0,0,0,0,0,0,0,0,Fell Asleep,Unspecified,Unspecified,,,4592453,Station Wagon/Sport Utility Vehicle,Sedan,Station Wagon/Sport Utility Vehicle,,
12/24/2022,12:30,QUEENS,11423,40.71676,-73.759544,"(40.71676, -73.759544)",,,90-31     202 STREET,0,0,0,0,0,0,0,0,Passing Too Closely,Unspecified,Unspecified,,,4592729,Box Truck,Sedan,Sedan,,
12/24/2022,6:44,BROOKLYN,11236,40.6338,-73.8897,"(40.6338, -73.8897)",ROCKAWAY PARKWAY,SEAVIEW AVENUE,,0,0,0,0,0,0,0,0,Driver Inattention/Distraction,Unspecified,,,,4592472,Bus,Sedan,,,
12/24/2022,12:00,BROOKLYN,11201,40.70166,-73.99207,"(40.70166, -73.99207)",CADMAN PLAZA WEST,BROOKLYN QNS EXPRESSWAY,,1,0,0,0,0,0,1,0,Following Too Closely,Unspecified,,,,4593004,Sedan,Sedan,,,
12/24/2022,21:37,,,40.605568,-74.00443,"(40.605568, -74.00443)",18 AVENUE,,,0,0,0,0,0,0,0,0,Passing Too Closely,Unsafe Speed,,,,4592629,Station Wagon/Sport Utility Vehicle,Sedan,,,
12/24/2022,18:37,,,40.823635,-73.93095,"(40.823635, -73.93095)",MAJOR DEEGAN EXPRESSWAY,,,0,0,0,0,0,0,0,0,Passing or Lane Usage Improper,Unspecified,,,,4592775,Sedan,Sedan,,,
12/24/2022,21:00,QUEENS,11385,40.691433,-73.89063,"(40.691433, -73.89063)",VERMONT PLACE,CYPRESS AVENUE,,0,0,0,0,0,0,0,0,Failure to Yield Right-of-Way,Unspecified,,,,4593105,Sedan,Sedan,,,
12/24/2022,14:45,QUEENS,11434,40.66675,-73.779945,"(40.66675, -73.779945)",SOUTH CONDUIT AVENUE,ROCKAWAY BOULEVARD,,4,0,0,0,0,0,4,0,Following Too Closely,Unspecified,Unspecified,Unspecified,,4592521,Sedan,Station Wagon/Sport Utility Vehicle,Sedan,Station Wagon/Sport Utility Vehicle,
12/24/2022,16:41,BROOKLYN,11234,40.62877,-73.91825,"(40.62877, -73.91825)",RALPH AVENUE,AVENUE J,,1,0,1,0,0,0,0,0,Backing Unsafely,,,,,4592542,Station Wagon/Sport Utility Vehicle,,,,
12/24/2022,16:21,BRONX,10455,40.81793,-73.9053,"(40.81793, -73.9053)",EAST 156 STREET,WESTCHESTER AVENUE,,0,0,0,0,0,0,0,0,Unsafe Speed,,,,,4592709,Sedan,,,,
12/24/2022,12:00,QUEENS,11385,40.71306,-73.90879,"(40.71306, -73.90879)",METROPOLITAN AVENUE,TONSOR STREET,,0,0,0,0,0,0,0,0,Unspecified,Unspecified,,,,4592862,Station Wagon/Sport Utility Vehicle,Van,,,
12/24/2022,4:30,,,,,,LONG ISLAND EXPRESSWAY,KISSENA BOULEVARD,,0,0,0,0,0,0,0,0,Alcohol Involvement,Unspecified,,,,4592534,Station Wagon/Sport Utility Vehicle,Sedan,,,
12/24/2022,20:54,QUEENS,11434,40.682568,-73.79266,"(40.682568, -73.79266)",116 AVENUE,SUTPHIN BOULEVARD,,1,0,0,0,0,0,1,0,Following Too Closely,Unspecified,,,,4592797,Sedan,Sedan,,,
12/24/2022,0:45,MANHATTAN,10014,40.73938,-74.00995,"(40.73938, -74.00995)",WEST STREET,GANSEVOORT STREET,,0,0,0,0,0,0,0,0,Unsafe Speed,Unspecified,,,,4592977,Sedan,Taxi,,,
12/24/2022,0:00,,,40.69168,-73.999344,"(40.69168, -73.999344)",BROOKLYN QUEENS EXPRESSWAY,,,1,0,0,0,0,0,1,0,Unsafe Lane Changing,Unspecified,,,,4593008,Station Wagon/Sport Utility Vehicle,Sedan,,,
12/24/2022,19:00,QUEENS,11373,40.73491,-73.88309,"(40.73491, -73.88309)",,,51-79     CODWISE PLACE,0,0,0,0,0,0,0,0,Unsafe Speed,Unspecified,,,,4592651,Sedan,,,,
12/24/2022,12:00,,,40.676647,-73.82236,"(40.676647, -73.82236)",ROCKAWAY BOULEVARD,,,0,0,0,0,0,0,0,0,Driver Inattention/Distraction,Unspecified,,,,4593062,Station Wagon/Sport Utility Vehicle,,,,
12/24/2022,8:43,BROOKLYN,11211,40.71721,-73.93471,"(40.71721, -73.93471)",VANDERVORT AVENUE,MASPETH AVENUE,,0,0,0,0,0,0,0,0,Driver Inattention/Distraction,Unspecified,,,,4592479,Station Wagon/Sport Utility Vehicle,Station Wagon/Sport Utility Vehicle,,,
12/24/2022,15:15,STATEN ISLAND,10305,40.583572,-74.08621,"(40.583572, -74.08621)",,,475       SEAVIEW AVENUE,1,0,1,0,0,0,0,0,Unspecified,,,,,4592926,Sedan,,,,
12/24/2022,0:40,STATEN ISLAND,10301,40.618538,-74.09077,"(40.618538, -74.09077)",,,473       HOWARD AVENUE,0,0,0,0,0,0,0,0,Unspecified,Unspecified,,,,4592612,Sedan,,,,
12/24/2022,2:23,,,,,,S/B BOWERY,DOYERS STREET,,0,0,0,0,0,0,0,0,Backing Unsafely,Unspecified,,,,4592866,Station Wagon/Sport Utility Vehicle,Sedan,,,
12/24/2022,4:30,QUEENS,11103,40.760494,-73.917755,"(40.760494, -73.917755)",,,31-29     STEINWAY STREET,2,0,0,0,0,0,2,0,Driver Inattention/Distraction,Unspecified,,,,4592740,Sedan,Sedan,,,
12/24/2022,2:30,BROOKLYN,11229,40.59993,-73.94637,"(40.59993, -73.94637)",,,2518      AVENUE U,0,0,0,0,0,0,0,0,Unspecified,,,,,4592906,Sedan,,,,
12/24/2022,9:43,QUEENS,11429,40.711403,-73.7312,"(40.711403, -73.7312)",,,223-17    103 AVENUE,0,0,0,0,0,0,0,0,Unspecified,Unspecified,,,,4592490,Sedan,Station Wagon/Sport Utility Vehicle,,,
12/24/2022,21:49,,,40.676487,-73.82133,"(40.676487, -73.82133)",ROCKAWAY BOULEVARD,117 STREET,,0,0,0,0,0,0,0,0,Failure to Yield Right-of-Way,Unspecified,,,,4592847,Station Wagon/Sport Utility Vehicle,Sedan,,,
12/24/2022,11:15,QUEENS,11372,40.751568,-73.87895,"(40.751568, -73.87895)",,,35-51     88 STREET,1,0,1,0,0,0,0,0,Unspecified,,,,,4592552,Station Wagon/Sport Utility Vehicle,,,,
12/24/2022,6:00,MANHATTAN,10011,40.74187,-73.997284,"(40.74187, -73.997284)",,,156       7 AVENUE,0,0,0,0,0,0,0,0,Fell Asleep,Unspecified,,,,4592858,Box Truck,Sedan,,,
12/24/2022,3:00,QUEENS,11432,40.703217,-73.80257,"(40.703217, -73.80257)",153 STREET,90 ROAD,,0,0,0,0,0,0,0,0,Driver Inattention/Distraction,Unspecified,,,,4592724,Sedan,Station Wagon/Sport Utility Vehicle,,,
12/24/2022,8:58,BRONX,10468,40.859642,-73.90534,"(40.859642, -73.90534)",GRAND AVENUE,EVELYN PLACE,,1,0,1,0,0,0,0,0,Failure to Yield Right-of-Way,,,,,4592817,Taxi,,,,
12/24/2022,3:26,,,40.72135,-74.00465,"(40.72135, -74.00465)",CANAL STREET,,,1,0,0,0,0,0,1,0,Alcohol Involvement,Unspecified,,,,4592456,Sedan,Station Wagon/Sport Utility Vehicle,,,
12/24/2022,21:30,BROOKLYN,11231,40.683067,-73.99557,"(40.683067, -73.99557)",COURT STREET,SACKETT STREET,,0,0,0,0,0,0,0,0,Unspecified,Unspecified,,,,4592531,Sedan,Sedan,,,
12/24/2022,19:37,,,,,,WILLIAMSBURG BRIDGE,SOUTH 5 PLACE,,2,0,0,0,0,0,2,0,Driver Inattention/Distraction,Unspecified,Unspecified,,,4592536,Station Wagon/Sport Utility Vehicle,Station Wagon/Sport Utility Vehicle,Sedan,,
12/24/2022,11:00,,,40.753082,-73.72459,"(40.753082, -73.72459)",GRAND CENTRAL PKWY,,,1,0,0,0,0,0,1,0,Driver Inattention/Distraction,,,,,4592565,Sedan,,,,
12/24/2022,20:50,BROOKLYN,11232,40.655186,-73.99985,"(40.655186, -73.99985)",32 STREET,5 AVENUE,,1,0,0,0,0,0,0,0,Unspecified,Unspecified,,,,4592648,Station Wagon/Sport Utility Vehicle,E-Bike,,,
12/24/2022,5:04,,,40.699406,-73.95338,"(40.699406, -73.95338)",NOSTRAND AVENUE,,,0,0,0,0,0,0,0,0,Driver Inattention/Distraction,Unspecified,,,,4592499,Sedan,Station Wagon/Sport Utility Vehicle,,,
12/24/2022,6:07,,,40.738987,-73.916695,"(40.738987, -73.916695)",48 AVENUE,49 STREET,,0,0,0,0,0,0,0,0,Driver Inattention/Distraction,Unspecified,,,,4592510,Sedan,Sedan,,,
12/24/2022,16:03,BROOKLYN,11214,40.595104,-74.00091,"(40.595104, -74.00091)",,,8973      BAY PARKWAY,0,0,0,0,0,0,0,0,Driver Inattention/Distraction,Unspecified,,,,4592564,Sedan,Station Wagon/Sport Utility Vehicle,,,
12/24/2022,21:30,,,40.592422,-73.99508,"(40.592422, -73.99508)",BELT PARKWAY,,,0,0,0,0,0,0,0,0,Passing or Lane Usage Improper,Unspecified,,,,4592620,Sedan,Sedan,,,
12/24/2022,16:05,BROOKLYN,11236,40.642868,-73.917656,"(40.642868, -73.917656)",,,412       EAST 83 STREET,1,0,1,0,0,0,0,0,Driver Inattention/Distraction,Aggressive Driving/Road Rage,Unspecified,,,4592517,Station Wagon/Sport Utility Vehicle,Station Wagon/Sport Utility Vehicle,Sedan,,
12/24/2022,7:45,BRONX,10455,40.819096,-73.914566,"(40.819096, -73.914566)",ELTON AVENUE,EAST 154 STREET,,0,0,0,0,0,0,0,0,Failure to Yield Right-of-Way,Unspecified,Unspecified,,,4592710,Sedan,Station Wagon/Sport Utility Vehicle,,,
12/24/2022,12:00,,,40.732937,-73.843636,"(40.732937, -73.843636)",GRAND CENTRAL PKWY,,,2,0,0,0,0,0,2,0,Following Too Closely,Unspecified,,,,4592487,Sedan,Station Wagon/Sport Utility Vehicle,,,
12/24/2022,10:00,STATEN ISLAND,10304,40.61747,-74.07687,"(40.61747, -74.07687)",,,106       TOWNSEND AVENUE,0,0,0,0,0,0,0,0,Unspecified,,,,,4592613,Sedan,,,,
12/24/2022,13:10,,,,,,BROOKLYN BRIDGE,,,0,0,0,0,0,0,0,0,Other Vehicular,,,,,4592871,Sedan,,,,
12/24/2022,22:50,,,40.754776,-73.77097,"(40.754776, -73.77097)",48 AVENUE,210 STREET,,0,0,0,0,0,0,0,0,Driver Inattention/Distraction,Unspecified,,,,4592579,Sedan,,,,
12/24/2022,14:47,BRONX,10475,40.88599,-73.82792,"(40.88599, -73.82792)",BOSTON ROAD,PROVOST AVENUE,,0,0,0,0,0,0,0,0,Backing Unsafely,Unspecified,,,,4592919,Station Wagon/Sport Utility Vehicle,Station Wagon/Sport Utility Vehicle,,,
12/24/2022,21:30,,,,,,WILLIAMSBURG BRIDGE INNER ROADWA,,,2,0,0,0,0,0,2,0,Driver Inattention/Distraction,Unspecified,,,,4592776,Sedan,Sedan,,,
12/24/2022,13:00,QUEENS,11354,40.76465,-73.823494,"(40.76465, -73.823494)",NORTHERN BOULEVARD,PARSONS BOULEVARD,,0,0,0,0,0,0,0,0,Failure to Yield Right-of-Way,Unspecified,,,,4592764,Sedan,Garbage or Refuse,,,
12/24/2022,22:43,QUEENS,11105,40.771053,-73.913536,"(40.771053, -73.913536)",,,23-81     35 STREET,0,0,0,0,0,0,0,0,Driver Inattention/Distraction,Unspecified,,,,4592738,Station Wagon/Sport Utility Vehicle,,,,
12/24/2022,4:05,,,,,,WILLIAMSBURG BRIDGE OUTER ROADWA,,,1,0,0,0,0,0,1,0,Pavement Slippery,Unspecified,,,,4592476,Taxi,Sedan,,,
12/24/2022,1:34,BROOKLYN,11234,40.625786,-73.92832,"(40.625786, -73.92832)",FLATLANDS AVENUE,AVENUE K,,1,0,0,0,0,0,1,0,Driver Inattention/Distraction,Unspecified,,,,4592547,Sedan,Sedan,,,
12/24/2022,23:00,QUEENS,11419,40.687668,-73.8117,"(40.687668, -73.8117)",107 AVENUE,133 STREET,,1,0,0,0,0,0,1,0,Driver Inattention/Distraction,Unspecified,,,,4592809,Station Wagon/Sport Utility Vehicle,,,,
12/24/2022,21:22,,,,,,BELT PARKWAY,,,2,0,0,0,0,0,2,0,Reaction to Uninvolved Vehicle,Following Too Closely,,,,4592815,Station Wagon/Sport Utility Vehicle,Station Wagon/Sport Utility Vehicle,,,
12/24/2022,18:18,,,40.723347,-73.939316,"(40.723347, -73.939316)",MEEKER AVENUE,MORGAN AVENUE,,0,0,0,0,0,0,0,0,Alcohol Involvement,,,,,4592793,Pick-up Truck,,,,
12/24/2022,19:50,,,40.738194,-73.8492,"(40.738194, -73.8492)",LONG ISLAND EXPRESSWAY,,,0,0,0,0,0,0,0,0,Other Vehicular,Other Vehicular,Other Vehicular,,,4592670,Sedan,Station Wagon/Sport Utility Vehicle,Station Wagon/Sport Utility Vehicle,,
12/24/2022,13:57,,,,,,BROOKLYN BRIDGE,,,0,0,0,0,0,0,0,0,Pavement Slippery,Pavement Slippery,Pavement Slippery,Pavement Slippery,Pavement Slippery,4593007,Sedan,Sedan,Sedan,Sedan,Sedan
12/24/2022,8:45,MANHATTAN,10065,40.762486,-73.96298,"(40.762486, -73.96298)",EAST 62 STREET,2 AVENUE,,0,0,0,0,0,0,0,0,Pavement Slippery,Unspecified,,,,4593094,Sedan,Sedan,,,
12/24/2022,0:01,,,40.660202,-73.96063,"(40.660202, -73.96063)",FLATBUSH AVENUE,,,0,0,0,0,0,0,0,0,Driver Inattention/Distraction,Driver Inattention/Distraction,,,,4592466,Sedan,Station Wagon/Sport Utility Vehicle,,,
12/24/2022,8:15,,,40.729515,-73.8715,"(40.729515, -73.8715)",ELIOT AVENUE,WOODHAVEN BOULEVARD,,0,0,0,0,0,0,0,0,Driver Inattention/Distraction,Unspecified,,,,4592763,Sedan,Sedan,,,
12/24/2022,13:20,QUEENS,11373,40.7338,-73.871414,"(40.7338, -73.871414)",,,90-15     QUEENS BOULEVARD,0,0,0,0,0,0,0,0,Alcohol Involvement,Driver Inattention/Distraction,,,,4592537,Station Wagon/Sport Utility Vehicle,Station Wagon/Sport Utility Vehicle,,,
12/24/2022,11:30,,,,,,WILLIAMSBURG BRIDGE OUTER ROADWA,,,0,0,0,0,0,0,0,0,Following Too Closely,Unspecified,,,,4593013,Sedan,Sedan,,,
12/24/2022,13:08,BRONX,10472,40.82678,-73.878746,"(40.82678, -73.878746)",,,1120      ELDER AVENUE,0,0,0,0,0,0,0,0,Unspecified,,,,,4592840,Sedan,,,,
12/24/2022,17:30,,,,,,BROOKLYN BRIDGE,,,0,0,0,0,0,0,0,0,Pavement Slippery,Unspecified,Unspecified,,,4592872,Station Wagon/Sport Utility Vehicle,Sedan,Sedan,,
12/24/2022,3:40,QUEENS,11368,40.75373,-73.86671,"(40.75373, -73.86671)",,,35-41     101 STREET,0,0,0,0,0,0,0,0,Driver Inattention/Distraction,Unspecified,Unspecified,,,4592577,Station Wagon/Sport Utility Vehicle,Sedan,Station Wagon/Sport Utility Vehicle,,
12/24/2022,13:38,BROOKLYN,11238,40.68432,-73.967064,"(40.68432, -73.967064)",CLINTON AVENUE,GATES AVENUE,,0,0,0,0,0,0,0,0,Unspecified,Unspecified,,,,4592645,Sedan,Sedan,,,
12/24/2022,8:38,BROOKLYN,11209,40.632156,-74.02751,"(40.632156, -74.02751)",74 STREET,3 AVENUE,,0,0,0,0,0,0,0,0,Traffic Control Device Improper/Non-Working,Traffic Control Device Improper/Non-Working,,,,4592500,Sedan,Sedan,,,
12/24/2022,22:54,,,40.744183,-73.7329,"(40.744183, -73.7329)",CROSS ISLAND PARKWAY,,,0,0,0,0,0,0,0,0,Driver Inattention/Distraction,Unspecified,,,,4593056,Station Wagon/Sport Utility Vehicle,Sedan,,,
12/24/2022,19:55,MANHATTAN,10000,40.76871,-73.969986,"(40.76871, -73.969986)",,,1         TRANSVERSE ROAD NUMBER ONE,0,0,0,0,0,0,0,0,Driver Inattention/Distraction,Driver Inattention/Distraction,,,,4592596,Station Wagon/Sport Utility Vehicle,Bus,,,
12/24/2022,17:00,BRONX,10475,40.868458,-73.82051,"(40.868458, -73.82051)",,,2244      BARTOW AVENUE,2,0,0,0,0,0,2,0,Driver Inattention/Distraction,Driver Inattention/Distraction,,,,4592939,Station Wagon/Sport Utility Vehicle,Sedan,,,
12/24/2022,23:30,QUEENS,11372,40.756943,-73.87222,"(40.756943, -73.87222)",NORTHERN BOULEVARD,96 STREET,,0,0,0,0,0,0,0,0,Driver Inattention/Distraction,Unspecified,,,,4592913,Station Wagon/Sport Utility Vehicle,,,,
12/24/2022,2:20,,,40.69097,-73.94833,"(40.69097, -73.94833)",MARCY AVENUE,,,0,0,0,0,0,0,0,0,Driver Inattention/Distraction,Unspecified,,,,4592498,Station Wagon/Sport Utility Vehicle,Sedan,,,
12/24/2022,15:45,,,40.763245,-73.75806,"(40.763245, -73.75806)",CROSS ISLAND PARKWAY,,,0,0,0,0,0,0,0,0,Following Too Closely,Following Too Closely,Driver Inexperience,,,4592530,Station Wagon/Sport Utility Vehicle,Sedan,Sedan,,
12/24/2022,9:40,QUEENS,11434,40.66351,-73.769005,"(40.66351, -73.769005)",177 PLACE,FARMERS BOULEVARD,,0,0,0,0,0,0,0,0,Backing Unsafely,Unspecified,,,,4592483,Sedan,,,,
12/24/2022,2:00,QUEENS,11419,40.689445,-73.808716,"(40.689445, -73.808716)",VANWYCK EXPRESSWAY,106 AVENUE,,0,0,0,0,0,0,0,0,Driver Inattention/Distraction,,,,,4592723,Station Wagon/Sport Utility Vehicle,,,,
12/24/2022,14:20,,,,,,MANHATTAN BRIDGE,EAST RIVER,,0,0,0,0,0,0,0,0,Pavement Slippery,,,,,4592869,Sedan,,,,
12/24/2022,0:21,QUEENS,11377,,,,Brooklyn Queens Expy,NORTHERN BOULEVARD,,1,0,0,0,0,0,1,0,Driver Inattention/Distraction,,,,,4592563,Sedan,,,,
12/24/2022,20:00,BROOKLYN,11201,40.697575,-73.984055,"(40.697575, -73.984055)",DUFFIELD STREET,CONCORD STREET,,2,0,0,0,0,0,2,0,Driver Inattention/Distraction,Unspecified,,,,4593006,Sedan,Sedan,,,
12/24/2022,16:56,BRONX,10467,40.88271,-73.881256,"(40.88271, -73.881256)",JEROME AVENUE,EAST GUN HILL ROAD,,1,0,1,0,0,0,0,0,Driver Inattention/Distraction,,,,,4592810,,,,,
12/24/2022,14:50,,,,,,BROADWAY,ROEBLING STREET,,0,0,0,0,0,0,0,0,Driver Inattention/Distraction,Other Vehicular,,,,4592777,Sedan,,,,
12/24/2022,22:30,QUEENS,11420,40.66828,-73.803566,"(40.66828, -73.803566)",134 AVENUE,135 STREET,,0,0,0,0,0,0,0,0,Driver Inattention/Distraction,Unspecified,,,,4592816,Station Wagon/Sport Utility Vehicle,Station Wagon/Sport Utility Vehicle,,,
12/24/2022,22:35,MANHATTAN,10128,40.78519,-73.94934,"(40.78519, -73.94934)",EAST 96 STREET,3 AVENUE,,0,0,0,0,0,0,0,0,Other Vehicular,Other Vehicular,,,,4592551,Sedan,Box Truck,,,
12/24/2022,17:45,QUEENS,11377,40.74614,-73.91431,"(40.74614, -73.91431)",SKILLMAN AVENUE,50 STREET,,1,0,1,0,0,0,0,0,Following Too Closely,,,,,4592515,Station Wagon/Sport Utility Vehicle,,,,
12/24/2022,11:59,MANHATTAN,10035,40.79703,-73.93578,"(40.79703, -73.93578)",,,340       EAST 117 STREET,1,0,1,0,0,0,0,0,Backing Unsafely,,,,,4593017,Station Wagon/Sport Utility Vehicle,,,,
12/24/2022,18:16,STATEN ISLAND,10310,40.63196,-74.1228,"(40.63196, -74.1228)",TAYLOR STREET,CARY AVENUE,,0,0,0,0,0,0,0,0,Driver Inattention/Distraction,Unspecified,,,,4592614,Station Wagon/Sport Utility Vehicle,Box Truck,,,
12/24/2022,10:00,BROOKLYN,11220,40.64023,-74.003746,"(40.64023, -74.003746)",,,815       51 STREET,0,0,0,0,0,0,0,0,Unspecified,,,,,4592828,Station Wagon/Sport Utility Vehicle,,,,
12/24/2022,16:00,QUEENS,11423,40.71423,-73.76269,"(40.71423, -73.76269)",,,91-09     197 STREET,0,0,0,0,0,0,0,0,Driver Inattention/Distraction,Unspecified,,,,4592730,Station Wagon/Sport Utility Vehicle,,,,
12/24/2022,21:33,,,,,,QUEENSBORO BRIDGE UPPER ROADWAY,,,1,0,0,0,0,0,1,0,Other Vehicular,Other Vehicular,,,,4593073,Sedan,Sedan,,,
12/24/2022,16:15,BROOKLYN,11204,40.617462,-73.982765,"(40.617462, -73.982765)",,,2063      62 STREET,0,0,0,0,0,0,0,0,Unspecified,,,,,4592619,Sedan,,,,
12/24/2022,16:35,,,,,,BROOKLYN BRIDGE,,,1,0,0,0,0,0,1,0,Driver Inattention/Distraction,Unspecified,Unspecified,,,4592996,Station Wagon/Sport Utility Vehicle,Taxi,Station Wagon/Sport Utility Vehicle,,
12/24/2022,16:40,QUEENS,11354,40.76961,-73.831505,"(40.76961, -73.831505)",137 STREET,31 ROAD,,0,0,0,0,0,0,0,0,Unspecified,Unspecified,,,,4592765,Sedan,,,,
12/24/2022,7:30,BROOKLYN,11229,40.59993,-73.94637,"(40.59993, -73.94637)",,,2518      AVENUE U,0,0,0,0,0,0,0,0,Driver Inattention/Distraction,Unspecified,,,,4593101,Sedan,,,,
12/24/2022,20:58,QUEENS,11373,40.744892,-73.88446,"(40.744892, -73.88446)",,,80-62     BAXTER AVENUE,0,0,0,0,0,0,0,0,Unspecified,,,,,4592538,,,,,
12/24/2022,19:50,QUEENS,11385,40.70086,-73.882454,"(40.70086, -73.882454)",69 STREET,COOPER AVENUE,,0,0,0,0,0,0,0,0,Driver Inattention/Distraction,Unspecified,,,,4592897,Station Wagon/Sport Utility Vehicle,Sedan,,,
12/24/2022,14:24,,,40.763245,-73.75806,"(40.763245, -73.75806)",CROSS ISLAND PARKWAY,,,0,0,0,0,0,0,0,0,Following Too Closely,Following Too Closely,,,,4592529,Station Wagon/Sport Utility Vehicle,Sedan,,,
12/24/2022,10:26,,,40.73635,-73.97502,"(40.73635, -73.97502)",FDR DRIVE,,,0,0,0,0,0,0,0,0,Unspecified,Unspecified,,,,4592601,Sedan,Sedan,,,
12/24/2022,14:25,BROOKLYN,11209,40.616417,-74.028046,"(40.616417, -74.028046)",,,9220      FORT HAMILTON PARKWAY,2,0,0,0,0,0,2,0,Driver Inattention/Distraction,Unspecified,,,,4592501,Station Wagon/Sport Utility Vehicle,Sedan,,,
12/24/2022,21:02,BRONX,10458,40.865303,-73.89006,"(40.865303, -73.89006)",MARION AVENUE,EAST 195 STREET,,1,0,1,0,0,0,0,0,Unsafe Speed,Unspecified,,,,4592821,Taxi,,,,
12/24/2022,3:35,,,40.670994,-73.95496,"(40.670994, -73.95496)",LINCOLN PLACE,,,0,0,0,0,0,0,0,0,Driver Inattention/Distraction,Unspecified,,,,4592991,Sedan,,,,
12/24/2022,6:36,BROOKLYN,11236,40.647224,-73.911766,"(40.647224, -73.911766)",EAST 92 STREET,AVENUE D,,1,0,0,0,0,0,1,0,Failure to Yield Right-of-Way,Unspecified,,,,4592468,Station Wagon/Sport Utility Vehicle,Station Wagon/Sport Utility Vehicle,,,
12/24/2022,13:01,,,40.776554,-73.841705,"(40.776554, -73.841705)",25 AVENUE,,,2,0,0,0,0,0,2,0,Unspecified,Unspecified,,,,4593088,Sedan,Station Wagon/Sport Utility Vehicle,,,
12/24/2022,13:40,BRONX,10462,40.834583,-73.86125,"(40.834583, -73.86125)",,,1919      MCGRAW AVENUE,0,0,0,0,0,0,0,0,Driver Inattention/Distraction,Unspecified,,,,4592844,Sedan,Sedan,,,
12/24/2022,16:01,,,40.762745,-73.83329,"(40.762745, -73.83329)",NORTHERN BOULEVARD,,,2,0,0,0,0,0,2,0,Driver Inattention/Distraction,Unspecified,,,,4592758,Sedan,Sedan,,,
12/24/2022,18:19,QUEENS,11428,40.722782,-73.74209,"(40.722782, -73.74209)",217 STREET,92 AVENUE,,0,0,0,0,0,0,0,0,Unspecified,Unspecified,,,,4593057,Station Wagon/Sport Utility Vehicle,Station Wagon/Sport Utility Vehicle,,,
12/24/2022,0:52,,,40.61265,-73.96187,"(40.61265, -73.96187)",AVENUE O,,,2,0,0,0,0,0,2,0,Unspecified,Unspecified,Unspecified,Unspecified,,4592574,Station Wagon/Sport Utility Vehicle,Station Wagon/Sport Utility Vehicle,Sedan,Sedan,
12/24/2022,8:10,,,40.589664,-74.16146,"(40.589664, -74.16146)",,,99        SHILOH STREET,1,0,0,0,0,0,1,0,View Obstructed/Limited,Unspecified,,,,4592496,Station Wagon/Sport Utility Vehicle,Sedan,,,
12/24/2022,17:02,BROOKLYN,11234,40.6082,-73.920715,"(40.6082, -73.920715)",FLATBUSH AVENUE,AVENUE V,,0,0,0,0,0,0,0,0,Unsafe Lane Changing,Following Too Closely,Unspecified,,,4592940,Station Wagon/Sport Utility Vehicle,Sedan,,,
12/24/2022,18:00,STATEN ISLAND,10304,40.630566,-74.08109,"(40.630566, -74.08109)",,,309       SAINT PAULS AVENUE,0,0,0,0,0,0,0,0,Brakes Defective,,,,,4592705,Station Wagon/Sport Utility Vehicle,,,,
12/24/2022,11:08,BROOKLYN,11238,40.687866,-73.96879,"(40.687866, -73.96879)",LAFAYETTE AVENUE,VANDERBILT AVENUE,,0,0,0,0,0,0,0,0,Unspecified,,,,,4592644,Sedan,,,,
12/24/2022,2:00,QUEENS,11435,40.685047,-73.80418,"(40.685047, -73.80418)",,,111-46    140 STREET,0,0,0,0,0,0,0,0,Driver Inattention/Distraction,Unspecified,,,,4592791,Sedan,,,,
12/24/2022,17:17,QUEENS,11385,40.70727,-73.90265,"(40.70727, -73.90265)",,,59-18     PALMETTO STREET,1,0,1,0,0,0,0,0,Backing Unsafely,,,,,4592768,Pick-up Truck,,,,
12/24/2022,21:50,BRONX,10460,,,,Southern blvd,East 181,,0,0,0,0,0,0,0,0,Driver Inattention/Distraction,Unspecified,,,,4593293,Convertible,Convertible,,,
12/24/2022,20:30,QUEENS,11426,40.726837,-73.71355,"(40.726837, -73.71355)",,,251-37    JAMAICA AVENUE,2,0,0,0,0,0,2,0,Passing or Lane Usage Improper,Unspecified,,,,4593058,Sedan,,,,
12/24/2022,19:05,QUEENS,11691,40.593056,-73.77532,"(40.593056, -73.77532)",ROCKAWAY FREEWAY,BEACH 44 STREET,,2,0,0,0,0,0,2,0,Traffic Control Device Improper/Non-Working,,,,,4593231,Sedan,,,,
12/24/2022,16:30,BROOKLYN,11235,40.58117,-73.95989,"(40.58117, -73.95989)",CONEY ISLAND AVENUE,BRIGHTON 10 PATH,,0,0,0,0,0,0,0,0,Unspecified,,,,,4593382,Sedan,,,,
12/24/2022,22:00,MANHATTAN,10002,40.720573,-73.98716,"(40.720573, -73.98716)",,,150       ESSEX STREET,0,0,0,0,0,0,0,0,Driver Inattention/Distraction,Unspecified,,,,4593292,Sedan,Sedan,,,
12/24/2022,2:30,STATEN ISLAND,10308,40.5457,-74.146736,"(40.5457, -74.146736)",MONTICELLO TERRACE,CLEVELAND AVENUE,,0,0,0,0,0,0,0,0,Passing Too Closely,Unspecified,Unspecified,,,4593154,Station Wagon/Sport Utility Vehicle,Station Wagon/Sport Utility Vehicle,,,
12/24/2022,17:44,BROOKLYN,11217,40.68529,-73.976204,"(40.68529, -73.976204)",FORT GREENE PLACE,HANSON PLACE,,0,0,0,0,0,0,0,0,Driver Inattention/Distraction,Other Vehicular,,,,4593373,Sedan,FDNY bus,,,
12/24/2022,23:50,MANHATTAN,10012,40.72032,-73.99405,"(40.72032, -73.99405)",DELANCEY STREET,BOWERY,,0,0,0,0,0,0,0,0,Following Too Closely,Unspecified,,,,4593131,Station Wagon/Sport Utility Vehicle,Sedan,,,
12/24/2022,23:30,QUEENS,11105,40.774555,-73.90366,"(40.774555, -73.90366)",,,40-12     21 AVENUE,0,0,0,0,0,0,0,0,Unspecified,,,,,4593183,Sedan,,,,
12/24/2022,14:51,BROOKLYN,11234,40.63791,-73.92309,"(40.63791, -73.92309)",FOSTER AVENUE,EAST 56 STREET,,0,0,0,0,0,0,0,0,Passing or Lane Usage Improper,Unspecified,,,,4593262,Sedan,,,,
12/24/2022,4:20,,,40.852673,-73.919106,"(40.852673, -73.919106)",UNDERCLIFF AVENUE,SEDGWICK AVENUE,,0,0,0,0,0,0,0,0,Backing Unsafely,Unspecified,,,,4593159,Sedan,Taxi,,,
12/24/2022,16:20,,,40.582756,-74.13041,"(40.582756, -74.13041)",MANOR ROAD,,,0,0,0,0,0,0,0,0,Pavement Slippery,Unspecified,,,,4593122,Station Wagon/Sport Utility Vehicle,Sedan,,,
12/24/2022,15:22,,,40.862755,-73.901085,"(40.862755, -73.901085)",JEROME AVENUE,,,0,0,0,0,0,0,0,0,Alcohol Involvement,Unspecified,Unspecified,,,4593165,Pick-up Truck,Pick-up Truck,Station Wagon/Sport Utility Vehicle,,
12/24/2022,19:00,,,40.848396,-73.90605,"(40.848396, -73.90605)",MOUNT HOPE PLACE,,,0,0,0,0,0,0,0,0,Unspecified,,,,,4593196,Station Wagon/Sport Utility Vehicle,,,,
12/24/2022,0:46,BRONX,10468,40.857418,-73.89996,"(40.857418, -73.89996)",GRAND CONCOURSE,EAST 183 STREET,,1,0,0,0,0,0,1,0,Unspecified,Unspecified,,,,4593151,Station Wagon/Sport Utility Vehicle,Station Wagon/Sport Utility Vehicle,,,
12/24/2022,14:15,STATEN ISLAND,10310,40.634045,-74.123405,"(40.634045, -74.123405)",,,1230      CASTLETON AVENUE,0,0,0,0,0,0,0,0,Driver Inattention/Distraction,Unspecified,,,,4593404,Station Wagon/Sport Utility Vehicle,Sedan,,,
12/24/2022,6:30,QUEENS,11378,40.72588,-73.906105,"(40.72588, -73.906105)",55 DRIVE,60 STREET,,0,0,0,0,0,0,0,0,Traffic Control Disregarded,Unspecified,,,,4593146,Sedan,Sedan,,,
12/24/2022,19:08,,,40.586185,-73.98328,"(40.586185, -73.98328)",STILLWELL AVENUE,,,0,0,0,0,0,0,0,0,Driver Inattention/Distraction,Driver Inattention/Distraction,,,,4593384,Box Truck,Box Truck,,,
12/24/2022,3:20,BROOKLYN,11213,40.676743,-73.93316,"(40.676743, -73.93316)",PACIFIC STREET,SCHENECTADY AVENUE,,0,0,0,0,0,0,0,0,Unsafe Speed,Unspecified,,,,4593263,Snow Plow,,,,
12/24/2022,20:00,BRONX,10468,40.871002,-73.893845,"(40.871002, -73.893845)",JEROME AVENUE,MORRIS AVENUE,,0,0,0,0,0,0,0,0,Passing Too Closely,Unspecified,,,,4593341,Sedan,Station Wagon/Sport Utility Vehicle,,,
12/24/2022,3:37,QUEENS,11105,40.774513,-73.902664,"(40.774513, -73.902664)",,,20-71     41 STREET,0,0,0,0,0,0,0,0,Driver Inattention/Distraction,Unspecified,,,,4593228,Pick-up Truck,,,,
12/24/2022,18:40,BRONX,10467,40.884953,-73.85935,"(40.884953, -73.85935)",,,770       EAST 222 STREET,1,0,0,0,0,0,1,0,Passing Too Closely,Unspecified,,,,4593282,Station Wagon/Sport Utility Vehicle,Station Wagon/Sport Utility Vehicle,,,
12/24/2022,19:32,QUEENS,11375,40.7079,-73.851105,"(40.7079, -73.851105)",71 AVENUE,UNION TURNPIKE,,1,0,1,0,0,0,0,0,Unspecified,,,,,4593145,Sedan,,,,
12/24/2022,18:51,,,40.855385,-73.9181,"(40.855385, -73.9181)",MAJOR DEEGAN EXPRESSWAY,,,3,0,0,0,0,0,3,0,Aggressive Driving/Road Rage,Unspecified,Unspecified,,,4593193,Sedan,Taxi,Sedan,Sedan,
12/24/2022,21:16,BRONX,10453,40.84768,-73.91237,"(40.84768, -73.91237)",EAST 175 STREET,JEROME AVENUE,,0,0,0,0,0,0,0,0,Driver Inattention/Distraction,,,,,4593162,Station Wagon/Sport Utility Vehicle,,,,
12/24/2022,14:30,BROOKLYN,11215,40.665565,-73.98932,"(40.665565, -73.98932)",5 AVENUE,15 STREET,,0,0,0,0,0,0,0,0,Failure to Yield Right-of-Way,Unspecified,,,,4593369,Sedan,Station Wagon/Sport Utility Vehicle,,,
12/24/2022,14:59,BROOKLYN,11224,40.574867,-74.00069,"(40.574867, -74.00069)",WEST 35 STREET,MERMAID AVENUE,,2,0,0,0,0,0,2,0,Failure to Yield Right-of-Way,Unspecified,,,,4593381,Taxi,Station Wagon/Sport Utility Vehicle,,,
12/24/2022,11:30,,,,,,WILLIAMSBURG BRIDGE OUTER ROADWA,,,1,0,0,0,0,0,1,0,Pavement Slippery,Passing Too Closely,,,,4593291,Sedan,Sedan,,,
12/24/2022,20:45,QUEENS,11429,40.718502,-73.73527,"(40.718502, -73.73527)",JAMAICA AVENUE,SPRINGFIELD BOULEVARD,,0,0,0,0,0,0,0,0,Reaction to Uninvolved Vehicle,Unspecified,,,,4593059,Bus,Station Wagon/Sport Utility Vehicle,,,
12/24/2022,18:58,BROOKLYN,11212,40.66331,-73.92106,"(40.66331, -73.92106)",WINTHROP STREET,EAST 98 STREET,,0,0,0,0,0,0,0,0,Unspecified,,,,,4593432,Sedan,,,,
12/24/2022,0:25,,,40.66654,-73.99509,"(40.66654, -73.99509)",PROSPECT EXPRESSWAY EAST,,,0,0,0,0,0,0,0,0,Unspecified,,,,,4593656,Sedan,,,,
12/24/2022,7:50,QUEENS,11103,40.767536,-73.912025,"(40.767536, -73.912025)",,,25-59     STEINWAY STREET,0,0,0,0,0,0,0,0,Backing Unsafely,Unspecified,,,,4593712,Sedan,Garbage or Refuse,,,
12/24/2022,12:45,,,40.663685,-73.88893,"(40.663685, -73.88893)",NEW LOTS AVENUE,,,3,0,0,0,0,0,3,0,Unspecified,Unspecified,Unspecified,,,4593509,Station Wagon/Sport Utility Vehicle,Station Wagon/Sport Utility Vehicle,Station Wagon/Sport Utility Vehicle,,
12/24/2022,1:35,,,40.6427,-73.87661,"(40.6427, -73.87661)",BELT PARKWAY,,,2,0,0,0,0,0,2,0,Other Vehicular,Unspecified,,,,4593642,Sedan,Sedan,,,
12/24/2022,21:50,BROOKLYN,11205,40.694687,-73.95521,"(40.694687, -73.95521)",MYRTLE AVENUE,SPENCER STREET,,0,0,0,0,0,0,0,0,Failure to Yield Right-of-Way,Traffic Control Disregarded,,,,4593514,Station Wagon/Sport Utility Vehicle,,,,
12/24/2022,10:07,,,,,,BROOKLYN BRIDGE,,,1,0,0,0,0,0,1,0,Passing or Lane Usage Improper,Unspecified,Unspecified,,,4593600,Sedan,Sedan,Sedan,,
12/24/2022,13:24,QUEENS,11103,40.76682,-73.91042,"(40.76682, -73.91042)",,,25-20     42 STREET,0,0,0,0,0,0,0,0,Backing Unsafely,Unspecified,,,,4593707,Station Wagon/Sport Utility Vehicle,Station Wagon/Sport Utility Vehicle,,,
12/24/2022,10:40,BRONX,10458,40.857372,-73.886024,"(40.857372, -73.886024)",ARTHUR AVENUE,EAST 189 STREET,,1,0,1,0,0,0,0,0,Unspecified,,,,,4593594,Station Wagon/Sport Utility Vehicle,,,,
12/24/2022,12:09,BROOKLYN,11207,40.67292,-73.88572,"(40.67292, -73.88572)",,,433       WARWICK STREET,0,0,0,0,0,0,0,0,Unspecified,,,,,4593550,Station Wagon/Sport Utility Vehicle,,,,
12/24/2022,0:45,,,,,,BROOKLYN QUEENS EXPRESSWAY RAMP,,,1,0,0,0,0,0,1,0,Pavement Slippery,,,,,4593409,Station Wagon/Sport Utility Vehicle,,,,
12/24/2022,19:45,BROOKLYN,11226,40.65428,-73.961815,"(40.65428, -73.961815)",,,354       OCEAN AVENUE,1,0,1,0,0,0,0,0,,,,,,4593456,,,,,
12/24/2022,0:00,BROOKLYN,11206,40.699074,-73.9533,"(40.699074, -73.9533)",,,21        NOSTRAND AVENUE,0,0,0,0,0,0,0,0,Driver Inattention/Distraction,Unspecified,,,,4593516,Station Wagon/Sport Utility Vehicle,,,,
12/24/2022,20:25,,,40.79337,-73.93274,"(40.79337, -73.93274)",FDR DRIVE,,,0,0,0,0,0,0,0,0,Other Vehicular,Unsafe Speed,,,,4593503,Station Wagon/Sport Utility Vehicle,,,,
12/24/2022,10:59,BROOKLYN,11207,40.67189,-73.895874,"(40.67189, -73.895874)",PENNSYLVANIA AVENUE,PITKIN AVENUE,,1,0,1,0,0,0,0,0,Failure to Yield Right-of-Way,,,,,4593534,Sedan,,,,
12/24/2022,17:10,BROOKLYN,11206,40.70604,-73.94129,"(40.70604, -73.94129)",BOERUM STREET,HUMBOLDT STREET,,1,0,0,0,0,0,1,0,Unsafe Speed,Driver Inattention/Distraction,,,,4593411,Sedan,Sedan,,,
12/24/2022,20:50,BROOKLYN,11228,40.617886,-74.01712,"(40.617886, -74.01712)",84 STREET,11 AVENUE,,0,0,0,0,0,0,0,0,Failure to Yield Right-of-Way,Unspecified,,,,4593621,Station Wagon/Sport Utility Vehicle,,,,
12/24/2022,12:28,BROOKLYN,11216,40.68024,-73.946754,"(40.68024, -73.946754)",FULTON STREET,NEW YORK AVENUE,,0,0,0,0,0,0,0,0,Driver Inattention/Distraction,Unspecified,,,,4593517,Sedan,Sedan,,,
12/24/2022,17:51,,,40.804417,-73.955376,"(40.804417, -73.955376)",WEST 116 STREET,,,0,0,0,0,0,0,0,0,Driver Inattention/Distraction,Driver Inattention/Distraction,,,,4593449,Station Wagon/Sport Utility Vehicle,Station Wagon/Sport Utility Vehicle,,,
12/24/2022,0:00,MANHATTAN,10029,,,,3 AVENUE,EAST 99 STREET,,0,0,0,0,0,0,0,0,Unsafe Lane Changing,Unspecified,,,,4593491,Bus,,,,
12/24/2022,17:20,,,40.833282,-73.82836,"(40.833282, -73.82836)",EAST TREMONT AVENUE,BRUCKNER BOULEVARD,,0,0,0,0,0,0,0,0,Driver Inattention/Distraction,Unspecified,,,,4593413,Sedan,,,,
12/24/2022,20:08,,,40.66059,-73.931335,"(40.66059, -73.931335)",UTICA AVENUE,,,0,0,0,0,0,0,0,0,Following Too Closely,Unspecified,,,,4593500,Station Wagon/Sport Utility Vehicle,Sedan,,,
12/24/2022,13:58,BROOKLYN,11213,40.66358,-73.93379,"(40.66358, -73.93379)",,,853       EMPIRE BOULEVARD,0,0,0,0,0,0,0,0,Unspecified,Unspecified,,,,4593470,Sedan,Sedan,,,
12/24/2022,9:45,,,40.79856,-73.96336,"(40.79856, -73.96336)",WEST 105 STREET,,,0,0,0,0,0,0,0,0,Unspecified,,,,,4593687,Station Wagon/Sport Utility Vehicle,,,,
12/24/2022,20:35,,,,,,BROOKLYN BRIDGE,,,0,0,0,0,0,0,0,0,Unspecified,Unspecified,,,,4593592,Sedan,Station Wagon/Sport Utility Vehicle,,,
12/24/2022,2:02,,,40.73652,-73.92834,"(40.73652, -73.92834)",LONG ISLAND EXPRESSWAY,,,0,0,0,0,0,0,0,0,Driver Inattention/Distraction,Unspecified,,,,4593911,Sedan,Station Wagon/Sport Utility Vehicle,,,
12/24/2022,10:00,,,40.828114,-73.93107,"(40.828114, -73.93107)",MAJOR DEEGAN EXPRESSWAY,,,0,0,0,0,0,0,0,0,Unsafe Speed,Unspecified,Unspecified,,,4593804,Station Wagon/Sport Utility Vehicle,Sedan,Station Wagon/Sport Utility Vehicle,,
12/24/2022,13:38,BRONX,10451,40.8243,-73.909454,"(40.8243, -73.909454)",,,502       EAST 163 STREET,0,0,0,0,0,0,0,0,Driver Inattention/Distraction,Unspecified,,,,4593823,Station Wagon/Sport Utility Vehicle,Station Wagon/Sport Utility Vehicle,,,
12/24/2022,12:23,QUEENS,11368,40.739635,-73.86074,"(40.739635, -73.86074)",99 STREET,55 AVENUE,,1,0,1,0,0,0,0,0,,,,,,4593829,,,,,
12/24/2022,8:40,MANHATTAN,10035,40.8032,-73.934616,"(40.8032, -73.934616)",,,255       EAST 125 STREET,0,0,0,0,0,0,0,0,Driver Inattention/Distraction,Driver Inattention/Distraction,,,,4593727,Station Wagon/Sport Utility Vehicle,Station Wagon/Sport Utility Vehicle,,,
12/24/2022,10:00,QUEENS,11359,,,,Weaver ave,Whistler avenue,,0,0,0,0,0,0,0,0,Unspecified,Unspecified,,,,4593752,Multi-Wheeled Vehicle,Multi-Wheeled Vehicle,,,
12/24/2022,23:00,BROOKLYN,11219,40.638638,-73.99661,"(40.638638, -73.99661)",,,1066      48 STREET,0,0,0,0,0,0,0,0,Unspecified,,,,,4593918,Sedan,,,,
12/24/2022,8:15,MANHATTAN,10065,40.762486,-73.96298,"(40.762486, -73.96298)",EAST 62 STREET,2 AVENUE,,1,0,0,0,0,0,1,0,Following Too Closely,Unspecified,,,,4593852,Sedan,Sedan,,,
12/24/2022,13:26,BRONX,10460,40.845486,-73.88444,"(40.845486, -73.88444)",,,2090      CROTONA PARKWAY,1,0,0,0,0,0,1,0,Alcohol Involvement,Unspecified,Unspecified,,,4593877,Station Wagon/Sport Utility Vehicle,Station Wagon/Sport Utility Vehicle,Station Wagon/Sport Utility Vehicle,,
12/24/2022,16:58,,,,,,TRIBOROUGH BRIDGE,,,0,0,0,0,0,0,0,0,Traffic Control Disregarded,Unspecified,,,,4593716,Sedan,Station Wagon/Sport Utility Vehicle,,,
12/24/2022,12:50,,,40.678154,-73.94416,"(40.678154, -73.94416)",BROOKLYN AVENUE,,,1,0,0,0,0,0,1,0,Following Too Closely,Unspecified,,,,4593812,Bus,Station Wagon/Sport Utility Vehicle,,,
12/24/2022,13:38,BRONX,10463,,,,BAILEY AVENUE,ALBANY CRESCENT,,0,0,0,0,0,0,0,0,Glare,Unspecified,Unspecified,,,4593780,Sedan,Station Wagon/Sport Utility Vehicle,Station Wagon/Sport Utility Vehicle,,
12/24/2022,13:40,BRONX,10464,40.84751,-73.78385,"(40.84751, -73.78385)",,,289       FORDHAM PLACE,0,0,0,0,0,0,0,0,Backing Unsafely,Unspecified,,,,4593837,Station Wagon/Sport Utility Vehicle,Station Wagon/Sport Utility Vehicle,,,
12/24/2022,2:27,,,40.650772,-73.884796,"(40.650772, -73.884796)",PENNSYLVANIA AVENUE,,,0,0,0,0,0,0,0,0,Alcohol Involvement,Unspecified,Unspecified,,,4594586,Sedan,Sedan,Sedan,,
12/24/2022,15:45,MANHATTAN,10036,40.760284,-73.994934,"(40.760284, -73.994934)",,,459       WEST 43 STREET,0,0,0,0,0,0,0,0,Turning Improperly,Unspecified,,,,4594134,Sedan,Sedan,,,
12/24/2022,5:54,QUEENS,11368,40.75323,-73.85963,"(40.75323, -73.85963)",,,108-33    37 DRIVE,0,0,0,0,0,0,0,0,Unspecified,Unspecified,,,,4594409,Station Wagon/Sport Utility Vehicle,Station Wagon/Sport Utility Vehicle,,,
12/24/2022,14:00,QUEENS,11373,40.741608,-73.88295,"(40.741608, -73.88295)",45 AVENUE,82 STREET,,0,0,0,0,0,0,0,0,Unspecified,,,,,4594498,Station Wagon/Sport Utility Vehicle,,,,
12/24/2022,8:00,STATEN ISLAND,10304,40.62528,-74.07489,"(40.62528, -74.07489)",,,690       BAY STREET,0,0,0,0,0,0,0,0,Unspecified,,,,,4594256,Sedan,,,,
12/24/2022,21:11,QUEENS,11373,40.741608,-73.88295,"(40.741608, -73.88295)",45 AVENUE,82 STREET,,0,0,0,0,0,0,0,0,Unspecified,,,,,4593979,Station Wagon/Sport Utility Vehicle,,,,
12/24/2022,17:45,QUEENS,11368,40.753563,-73.870705,"(40.753563, -73.870705)",35 AVENUE,97 STREET,,0,0,0,0,0,0,0,0,Following Too Closely,Failure to Yield Right-of-Way,,,,4594390,Sedan,,,,
12/24/2022,16:15,MANHATTAN,10031,40.82326,-73.95277,"(40.82326, -73.95277)",WEST 140 STREET,BROADWAY,,0,0,0,0,0,0,0,0,Backing Unsafely,Unspecified,,,,4593991,Sedan,Station Wagon/Sport Utility Vehicle,,,
12/24/2022,17:29,QUEENS,11434,40.680485,-73.774704,"(40.680485, -73.774704)",BAISLEY BOULEVARD,BEDELL STREET,,1,0,1,0,0,0,0,0,Failure to Yield Right-of-Way,,,,,4594368,,,,,
12/24/2022,12:29,QUEENS,11369,40.757683,-73.87412,"(40.757683, -73.87412)",,,32-23     JUNCTION BOULEVARD,0,0,0,0,0,0,0,0,Driver Inattention/Distraction,Unspecified,,,,4594408,Sedan,Sedan,,,
12/24/2022,18:00,MANHATTAN,10019,40.769634,-73.98578,"(40.769634, -73.98578)",,,428       WEST 59 STREET,0,0,0,0,0,0,0,0,Passing or Lane Usage Improper,Unspecified,,,,4594179,Sedan,Sedan,,,
12/24/2022,21:45,BRONX,10472,40.8265,-73.88352,"(40.8265, -73.88352)",,,1140      BRONX RIVER AVENUE,2,0,0,0,0,0,2,0,Unspecified,Unspecified,,,,4594016,Bus,Sedan,,,
12/24/2022,8:30,QUEENS,11368,40.758305,-73.85561,"(40.758305, -73.85561)",114 STREET,NORTHERN BOULEVARD,,1,0,0,0,0,0,1,0,Unspecified,Unspecified,,,,4594399,Bus,Sedan,,,
12/24/2022,13:45,BRONX,10463,,,,,,2900      EXTERIOR STREET,0,0,0,0,0,0,0,0,Unspecified,,,,,4594037,Station Wagon/Sport Utility Vehicle,,,,
12/24/2022,14:30,,,40.62702,-74.16484,"(40.62702, -74.16484)",,,2236      FOREST AVENUE,0,0,0,0,0,0,0,0,Unspecified,Unspecified,,,,4594252,Sedan,PK,,,
12/24/2022,2:30,,,,,,WILLIAMSBURG BRIDGE OUTER ROADWA,,,0,0,0,0,0,0,0,0,Passing or Lane Usage Improper,Unspecified,,,,4593985,Station Wagon/Sport Utility Vehicle,Sedan,,,
12/24/2022,13:50,,,40.70766,-73.95751,"(40.70766, -73.95751)",BROOKLYN QUEENS EXPRESSWAY,,,0,0,0,0,0,0,0,0,Pavement Slippery,Pavement Slippery,,,,4594616,Sedan,Station Wagon/Sport Utility Vehicle,,,
12/24/2022,10:00,,,40.832764,-73.94583,"(40.832764, -73.94583)",WEST 155 STREET,,,0,0,0,0,0,0,0,0,Unspecified,Unspecified,,,,4593989,Sedan,,,,
12/24/2022,3:10,,,,,,WILLIAMSBURG BRIDGE OUTER ROADWA,,,0,0,0,0,0,0,0,0,Pavement Slippery,Pavement Slippery,,,,4594618,Sedan,Station Wagon/Sport Utility Vehicle,,,
12/24/2022,13:25,MANHATTAN,10022,40.759617,-73.961975,"(40.759617, -73.961975)",EAST 59 STREET,1 AVENUE,,0,0,0,0,0,0,0,0,Backing Unsafely,Unspecified,,,,4594919,Sedan,Sedan,,,
12/24/2022,13:02,MANHATTAN,10028,40.77656,-73.95271,"(40.77656, -73.95271)",2 AVENUE,EAST 84 STREET,,0,0,0,0,0,0,0,0,Driver Inattention/Distraction,Driver Inexperience,,,,4594763,Pick-up Truck,Sedan,,,
12/24/2022,19:55,QUEENS,11694,40.574993,-73.85746,"(40.574993, -73.85746)",,,139-03    NEWPORT AVENUE,0,0,0,0,0,0,0,0,Pavement Slippery,Unspecified,,,,4594844,Station Wagon/Sport Utility Vehicle,Station Wagon/Sport Utility Vehicle,,,
12/24/2022,9:45,,,40.82538,-73.94006,"(40.82538, -73.94006)",8 AVENUE,,,0,0,0,0,0,0,0,0,Driver Inattention/Distraction,Unspecified,,,,4594806,Station Wagon/Sport Utility Vehicle,Sedan,,,
12/24/2022,22:30,BROOKLYN,11233,40.67922,-73.90405,"(40.67922, -73.90405)",BROADWAY,CONWAY STREET,,1,0,0,0,0,0,1,0,Unspecified,Unspecified,,,,4594984,Station Wagon/Sport Utility Vehicle,Station Wagon/Sport Utility Vehicle,,,
12/24/2022,10:30,BRONX,10469,40.874714,-73.84512,"(40.874714, -73.84512)",EASTCHESTER ROAD,GIVAN AVENUE,,2,0,0,0,0,0,2,0,Traffic Control Disregarded,Traffic Control Disregarded,,,,4595078,Station Wagon/Sport Utility Vehicle,Pick-up Truck,,,
12/24/2022,19:00,BROOKLYN,11212,40.665062,-73.90281,"(40.665062, -73.90281)",DUMONT AVENUE,POWELL STREET,,0,0,0,0,0,0,0,0,Driver Inattention/Distraction,Unspecified,,,,4594980,Station Wagon/Sport Utility Vehicle,Sedan,,,
12/24/2022,21:30,QUEENS,11369,40.76412,-73.870766,"(40.76412, -73.870766)",,,25-12     99 STREET,0,0,0,0,0,0,0,0,Unspecified,,,,,4595090,Station Wagon/Sport Utility Vehicle,,,,
12/24/2022,23:07,,,40.76635,-73.95103,"(40.76635, -73.95103)",FDR DRIVE,,,0,0,0,0,0,0,0,0,Driver Inattention/Distraction,Following Too Closely,,,,4595205,Sedan,Sedan,,,
12/24/2022,18:30,QUEENS,11372,40.752403,-73.875336,"(40.752403, -73.875336)",,,35-38     92 STREET,0,0,0,0,0,0,0,0,Unspecified,,,,,4595131,Sedan,,,,
12/24/2022,19:00,,,40.84503,-73.94508,"(40.84503, -73.94508)",HENRY HUDSON PARKWAY,,,0,0,0,0,0,0,0,0,Following Too Closely,Unspecified,,,,4594999,Station Wagon/Sport Utility Vehicle,,,,
12/24/2022,0:00,BRONX,10471,40.8903,-73.89869,"(40.8903, -73.89869)",,,4652      MANHATTAN COLLEGE PARKWAY,0,0,0,0,0,0,0,0,Unspecified,,,,,4595412,Sedan,,,,
12/24/2022,17:33,BRONX,10463,40.88011,-73.89939,"(40.88011, -73.89939)",,,3353      FORT INDEPENDENCE STREET,0,0,0,0,0,0,0,0,Driver Inattention/Distraction,Unspecified,,,,4595424,Sedan,Sedan,,,
12/24/2022,13:00,MANHATTAN,10031,40.82625,-73.952095,"(40.82625, -73.952095)",,,619       WEST 144 STREET,0,0,0,0,0,0,0,0,Unspecified,,,,,4595270,Sedan,,,,
12/24/2022,4:02,BRONX,10471,40.910023,-73.89662,"(40.910023, -73.89662)",,,6655      BROADWAY,0,0,0,0,0,0,0,0,Unspecified,Unspecified,,,,4595416,Sedan,Sedan,,,
12/24/2022,5:40,,,40.856712,-73.93264,"(40.856712, -73.93264)",BROADWAY,,,0,0,0,0,0,0,0,0,Alcohol Involvement,,,,,4596142,Sedan,,,,
12/24/2022,18:00,QUEENS,11368,40.756218,-73.85768,"(40.756218, -73.85768)",,,34-69     111 STREET,0,0,0,0,0,0,0,0,Unspecified,Unspecified,,,,4595937,Sedan,Station Wagon/Sport Utility Vehicle,,,
12/24/2022,1:25,MANHATTAN,10033,40.849285,-73.93894,"(40.849285, -73.93894)",FORT WASHINGTON AVENUE,WEST 179 STREET,,0,0,0,0,0,0,0,0,Alcohol Involvement,Unspecified,Unspecified,,,4596140,Sedan,Sedan,Station Wagon/Sport Utility Vehicle,,
12/24/2022,8:43,BRONX,10460,40.845985,-73.884476,"(40.845985, -73.884476)",EAST 180 STREET,SOUTHERN BOULEVARD,,1,0,1,0,0,0,0,0,Driver Inattention/Distraction,,,,,4596184,Sedan,,,,
12/24/2022,6:15,,,,,,STATEN ISLAND EXPRESSWAY,,,0,0,0,0,0,0,0,0,Following Too Closely,Unspecified,,,,4595871,Station Wagon/Sport Utility Vehicle,Sedan,,,
12/24/2022,21:00,,,40.633343,-74.12969,"(40.633343, -74.12969)",,,148       JEWETT AVENUE,1,0,1,0,0,0,0,0,Driver Inattention/Distraction,,,,,4595903,Sedan,,,,
12/24/2022,7:10,,,,,,G.C.P. / C.I.P. (CDR),,,1,0,0,0,0,0,1,0,Unspecified,Unspecified,,,,4595918,Station Wagon/Sport Utility Vehicle,Station Wagon/Sport Utility Vehicle,,,
12/24/2022,19:00,BROOKLYN,11211,40.71785,-73.94492,"(40.71785, -73.94492)",,,432       GRAHAM AVENUE,1,0,1,0,0,0,0,0,Driver Inattention/Distraction,,,,,4596494,Station Wagon/Sport Utility Vehicle,,,,
12/24/2022,13:00,BRONX,10466,40.88661,-73.86451,"(40.88661, -73.86451)",EAST 222 STREET,CARPENTER AVENUE,,1,0,1,0,0,0,0,0,Driver Inattention/Distraction,,,,,4596748,Pick-up Truck,,,,
12/24/2022,9:00,STATEN ISLAND,10301,40.618725,-74.09265,"(40.618725, -74.09265)",,,513       HOWARD AVENUE,0,0,0,0,0,0,0,0,Unspecified,,,,,4596848,Sedan,,,,
12/24/2022,15:05,BRONX,10454,40.803555,-73.92182,"(40.803555, -73.92182)",,,500       EAST 132 STREET,1,0,1,0,0,0,0,0,Unspecified,,,,,4596729,Station Wagon/Sport Utility Vehicle,,,,
12/24/2022,17:40,MANHATTAN,10033,40.852657,-73.935555,"(40.852657, -73.935555)",,,41        BENNETT AVENUE,1,0,1,0,0,0,0,0,Driver Inattention/Distraction,,,,,4597815,Taxi,,,,
12/24/2022,15:42,BRONX,10474,40.81554,-73.88582,"(40.81554, -73.88582)",,,735       BRYANT AVENUE,0,0,0,0,0,0,0,0,Unspecified,Unspecified,Unspecified,,,4598311,Van,Sedan,Sedan,,
12/24/2022,0:39,,,,,,NEW ENGLAND THRUWAY,,,1,0,0,0,0,0,1,0,Driver Inattention/Distraction,,,,,4598172,Sedan,,,,
12/24/2022,10:45,QUEENS,11372,40.75043,-73.87781,"(40.75043, -73.87781)",89 STREET,37 AVENUE,,0,0,0,0,0,0,0,0,Unspecified,Unspecified,,,,4599064,Sedan,,,,
12/24/2022,15:55,,,,,,BROOKLYN BRIDGE,,,1,0,0,0,0,0,1,0,Following Too Closely,Other Vehicular,Unspecified,,,4600535,Sedan,Taxi,Taxi,,
12/24/2022,0:25,,,40.766155,-73.89226,"(40.766155, -73.89226)",GRAND CENTRAL PKWY,,,0,0,0,0,0,0,0,0,Following Too Closely,Unspecified,,,,4601180,Station Wagon/Sport Utility Vehicle,Station Wagon/Sport Utility Vehicle,,,
12/24/2022,19:10,BROOKLYN,11208,40.687878,-73.86946,"(40.687878, -73.86946)",NICHOLS AVENUE,ETNA STREET,,0,0,0,0,0,0,0,0,Other Vehicular,Unspecified,Unspecified,,,4601082,Station Wagon/Sport Utility Vehicle,Station Wagon/Sport Utility Vehicle,,,
12/24/2022,14:30,BRONX,10460,40.84269,-73.88737,"(40.84269, -73.88737)",MARMION AVENUE,ELSMERE PLACE,,1,0,0,0,0,0,1,0,Driver Inattention/Distraction,Unspecified,Unspecified,Unspecified,,4601680,Station Wagon/Sport Utility Vehicle,Sedan,Sedan,Pick-up Truck,
